,city name,temp,wind speed,country,cloudiness,humidity,longitude,latitiude,date
0,Busselton,66.0,10.89,AU,7,26,115.35,-33.64,1578333065
1,Kamenka,30.0,5.01,MD,29,68,28.7,48.03,1578333065
2,Castro,57.2,9.17,CL,90,71,-73.76,-42.48,1578333065
3,Sao Lourenco do Sul,75.2,8.05,BR,75,78,-51.98,-31.37,1578333065
4,Albany,37.0,5.82,US,90,86,-73.75,42.65,1578333060
5,Atar,66.09,12.1,MR,78,8,-13.05,20.52,1578332807
6,Itapirapua,80.06,4.7,BR,81,87,-50.61,-15.82,1578333066
7,Haines Junction,-7.56,1.03,CA,100,100,-137.51,60.75,1578333066
8,Sobolevo,26.13,8.46,RU,93,85,31.9,54.43,1578333066
9,Ushuaia,51.8,5.82,AR,75,66,-68.31,-54.81,1578333032
10,Lata,18.39,4.63,IN,100,98,78.62,30.78,1578333066
11,Dikson,13.78,15.75,RU,100,93,80.55,73.51,1578333066
12,Kruisfontein,65.01,5.91,ZA,100,85,24.73,-34.0,1578333067
13,General Pico,79.47,19.82,AR,0,21,-63.75,-35.66,1578333044
14,Bredasdorp,68.0,6.93,ZA,100,56,20.04,-34.53,1578333067
15,Ribeira Grande,64.4,14.99,PT,75,93,-28.7,38.52,1578333067
16,Punta Arenas,59.0,18.34,CL,75,62,-70.91,-53.16,1578333067
17,Pevek,-8.36,5.53,RU,0,75,170.27,69.7,1578333067
18,Nikolskoye,34.0,11.18,RU,75,94,30.79,59.7,1578333067
19,Lebu,59.0,11.41,ET,40,67,38.73,8.96,1578333068
20,Rikitea,76.01,13.27,PF,85,73,-134.97,-23.12,1578333068
21,Luderitz,71.6,21.92,NA,58,68,15.16,-26.65,1578332816
22,Vanimo,82.67,11.16,PG,63,82,141.3,-2.67,1578333068
23,Port Elizabeth,52.0,18.34,US,75,39,-74.98,39.31,1578333068
24,Ponta do Sol,79.79,3.42,BR,40,69,-46.0,-20.63,1578333068
25,Chuy,88.65,16.22,UY,38,39,-53.46,-33.69,1578333069
26,Ahuas,77.0,9.17,HN,75,88,-84.36,15.48,1578333069
27,Cortez,34.0,4.7,US,1,63,-108.58,37.35,1578333069
28,Dingle,73.08,8.66,PH,98,95,122.67,11.0,1578333069
29,Tura,11.01,6.06,RU,100,86,100.22,64.27,1578332814
30,Jiuquan,18.88,2.8,CN,94,48,98.49,39.73,1578332850
31,Chancay,77.0,13.87,PE,31,73,-77.27,-11.56,1578333069
32,Leningradskiy,-8.32,7.94,RU,0,74,178.42,69.38,1578332783
33,Vaini,67.37,5.21,IN,22,86,74.49,15.34,1578333070
34,Tevaitoa,80.92,15.12,PF,5,81,-151.5,-16.78,1578333070
35,Hilo,78.8,3.36,US,90,57,-155.08,19.71,1578332819
36,San Cristobal,71.83,7.67,HN,93,65,-86.92,14.68,1578333070
37,Ingham,71.89,0.89,AU,40,97,146.16,-18.65,1578333070
38,Dali,36.48,7.76,CN,100,91,109.94,34.79,1578333070
39,Rairangpur,59.27,2.42,IN,0,50,86.18,22.27,1578333070
40,Tecoanapa,86.0,2.91,MX,5,58,-99.26,16.99,1578333070
41,Chokurdakh,-20.65,2.44,RU,0,97,147.9,70.62,1578333071
42,Talnakh,10.4,17.9,RU,98,85,88.39,69.49,1578333071
43,Kaitangata,51.01,7.0,NZ,84,82,169.85,-46.28,1578333071
44,Mar del Plata,69.93,3.67,AR,32,30,-67.52,-46.43,1578333071
45,Keti Bandar,67.35,10.09,PK,81,45,67.45,24.14,1578333071
46,Hamilton,37.0,21.92,CA,75,59,-79.87,43.26,1578333010
47,Ossora,6.93,6.67,RU,96,94,163.07,59.24,1578333071
48,Tobermory,30.88,27.96,CA,100,71,-81.67,45.25,1578333071
49,Mattru,81.64,8.01,SL,4,56,-11.83,7.62,1578333072
50,Mareeba,79.0,3.36,AU,75,83,145.42,-16.99,1578333072
51,Rio Tuba,80.22,16.46,PH,0,83,117.43,8.51,1578333072
52,Bluff,73.26,10.89,AU,55,80,149.07,-23.58,1578333072
53,Arraial do Cabo,93.2,23.04,BR,40,79,-42.02,-22.97,1578333072
54,Kaputa,68.14,1.57,ZM,87,92,29.66,-8.47,1578333072
55,Belaya Gora,-21.64,2.66,RU,0,95,146.19,68.54,1578333073
56,Koumac,70.21,4.23,NC,79,91,164.28,-20.56,1578333073
57,Lieksa,32.34,8.12,FI,100,93,30.02,63.32,1578333073
58,Avarua,78.8,1.12,CK,15,94,-159.78,-21.21,1578333073
59,Fortuna,44.01,9.17,US,1,93,-124.16,40.6,1578333073
60,Okha,3.13,9.69,RU,29,79,142.95,53.59,1578333073
61,Karratha,84.02,15.84,AU,83,74,116.85,-20.74,1578332835
62,Bondo,78.12,3.24,CD,60,34,23.69,3.81,1578333074
63,Khatanga,9.01,11.63,RU,89,94,102.47,71.98,1578333074
64,Jawhar,69.26,3.18,IN,0,73,73.23,19.91,1578333074
65,Taoudenni,63.9,8.72,ML,71,12,-3.98,22.68,1578333074
66,Cabo San Lucas,78.01,2.24,MX,40,53,-109.91,22.89,1578333074
67,Mataura,50.0,8.01,NZ,89,92,168.86,-46.19,1578333074
68,Tasiilaq,18.66,43.04,GL,97,86,-37.64,65.61,1578333074
69,Broome,46.99,12.75,GB,75,87,1.45,52.47,1578333075
70,Hobart,59.0,8.05,AU,100,77,147.33,-42.88,1578332977
71,Salina,44.01,4.7,US,1,64,-97.61,38.84,1578333075
72,Qaanaaq,-12.53,5.23,GL,59,53,-69.36,77.48,1578333075
73,Atuona,79.63,15.66,PF,46,74,-139.03,-9.8,1578333075
74,Cao Bang,61.0,2.89,VN,13,95,106.25,22.67,1578333075
75,Saint-Joseph,55.4,2.24,FR,90,76,6.97,43.56,1578333075
76,Sao Filipe,73.38,22.53,CV,42,54,-24.5,14.9,1578333076
77,Taicheng,69.01,3.44,CN,77,85,112.8,22.25,1578333076
78,Grand-Santi,89.96,3.2,GF,91,46,-54.38,4.27,1578333076
79,Dunedin,52.05,24.49,NZ,79,81,170.5,-45.87,1578332865
80,Vallenar,73.56,12.84,CL,0,46,-70.76,-28.58,1578333076
81,Ahipara,57.0,23.35,NZ,97,91,173.16,-35.17,1578333076
82,Morondava,81.14,3.67,MG,24,75,44.28,-20.3,1578333076
83,Lasa,60.8,18.34,CY,75,72,32.53,34.92,1578333076
84,Narsaq,1.4,5.82,GL,20,37,-46.05,60.91,1578333076
85,Souillac,41.0,6.93,FR,40,93,-0.6,45.6,1578333077
86,Barrow,73.06,21.27,AR,34,29,-60.23,-38.31,1578333077
87,Princeton,48.99,10.29,US,40,60,-74.66,40.35,1578333077
88,Jamestown,62.74,9.33,AU,0,47,138.6,-33.21,1578332910
89,Kodiak,39.0,5.82,US,40,64,-94.76,39.95,1578333077
90,Quelimane,82.4,3.36,MZ,40,83,36.89,-17.88,1578333077
91,Ustrzyki Dolne,27.0,3.15,UA,69,97,22.59,49.43,1578333077
92,Torbay,30.0,25.28,CA,90,92,-52.73,47.66,1578333077
93,East London,69.8,4.7,ZA,90,94,27.91,-33.02,1578333078
94,Saldanha,38.75,1.23,PT,77,80,-6.55,41.42,1578333078
95,Witu,80.33,13.4,KE,0,87,40.44,-2.39,1578333078
96,Saint George,42.8,16.11,GR,40,41,22.34,39.45,1578333078
97,Khani,51.8,17.22,GE,58,40,42.96,41.96,1578332792
98,West Des Moines,39.99,8.19,US,1,74,-93.76,41.56,1578333008
99,Shirokiy,24.8,3.22,RU,87,90,39.17,53.87,1578333078
100,Clyde River,-27.4,18.34,CA,90,67,-68.59,70.47,1578333078
101,Bambous Virieux,80.6,2.24,MU,75,88,57.76,-20.34,1578333079
102,Ashland,46.0,12.75,US,1,65,-82.64,38.48,1578333021
103,Henties Bay,64.99,1.99,NA,3,84,14.28,-22.12,1578333079
104,Port Lincoln,61.5,9.19,AU,0,75,135.86,-34.72,1578333079
105,Nekhayevskiy,32.0,1.01,RU,94,90,41.76,50.41,1578333079
106,West Wendover,30.2,8.05,US,1,74,-114.07,40.74,1578333079
107,Kapaa,75.2,21.92,US,75,78,-159.32,22.08,1578333079
108,Yafran,44.83,17.45,LY,34,68,12.53,32.06,1578333080
109,Pekalongan,75.24,4.03,ID,100,88,109.67,-6.89,1578333080
110,Rio Grande,75.2,8.05,BR,75,78,-52.1,-32.03,1578333018
111,Vila Velha,87.8,13.87,BR,20,58,-38.6,-3.71,1578333080
112,Erdenet,-2.78,4.16,MN,0,80,104.04,49.03,1578333080
113,Yellowknife,-23.01,6.93,CA,75,67,-114.38,62.45,1578333080
114,Cape Town,69.01,20.8,ZA,97,60,18.42,-33.93,1578332930
115,Georgetown,86.0,9.17,GY,20,66,-58.16,6.8,1578332872
116,Kaberamaido,76.8,3.89,UG,73,50,33.16,1.76,1578333081
117,Leh,12.33,2.1,IN,100,90,77.58,34.16,1578333081
118,Upernavik,-7.83,12.95,GL,100,99,-56.15,72.79,1578333081
119,Annau,39.2,9.17,TM,90,100,58.52,37.89,1578333081
120,Carnarvon,75.31,19.37,ZA,94,24,22.13,-30.97,1578333081
121,Jinotepe,86.0,13.87,NI,40,62,-86.2,11.85,1578333081
122,Northam,66.99,3.36,AU,0,72,116.67,-31.65,1578333081
123,Lompoc,64.99,9.17,US,1,33,-120.46,34.64,1578333082
124,Xuddur,87.15,7.99,SO,80,42,43.89,4.12,1578333082
125,Ensley,61.0,4.03,US,1,67,-86.89,33.51,1578333082
126,Dzaoudzi,84.2,1.12,YT,97,79,45.27,-12.79,1578333082
127,San Ignacio,85.64,1.9,PE,9,34,-79.0,-5.15,1578333082
128,Kavaratti,80.91,3.67,IN,80,72,72.64,10.57,1578333082
129,Choma,69.15,4.29,ZM,100,86,26.98,-16.81,1578333082
130,Plymouth,48.99,16.11,GB,20,93,-4.14,50.37,1578333082
131,Walvis Bay,66.2,8.05,NA,27,72,14.51,-22.95,1578333083
132,Belmonte,46.99,1.99,PT,48,83,-7.35,40.36,1578333083
133,Paraje Nuevo,62.51,5.03,MX,21,65,-96.86,18.88,1578333083
134,Norman Wells,-43.6,3.2,CA,20,72,-126.83,65.28,1578333083
135,Talcahuano,66.2,11.41,CL,20,52,-73.12,-36.72,1578333083
136,Cintalapa,69.1,4.97,MX,88,63,-93.73,16.7,1578333083
137,Santo Antonio do Sudoeste,88.65,6.02,BR,20,41,-53.73,-26.07,1578333083
138,Bandarbeyla,79.5,13.38,SO,4,81,50.81,9.49,1578333084
139,Puerto Ayora,82.4,17.22,EC,75,69,-90.35,-0.74,1578333084
140,Arman,13.32,5.55,RU,0,73,150.17,59.7,1578332826
141,Hithadhoo,84.2,11.83,MV,100,73,73.08,-0.6,1578333084
142,Comodoro Rivadavia,68.0,14.99,AR,40,40,-67.48,-45.87,1578333084
143,San Pedro de Lloc,77.92,13.53,PE,0,65,-79.5,-7.42,1578333084
144,Rio Gallegos,55.4,14.99,AR,40,71,-69.22,-51.62,1578333084
145,Milkovo,42.8,9.17,BG,40,38,24.68,41.53,1578333085
146,La Ronge,5.0,24.16,CA,90,65,-105.3,55.1,1578333085
147,Mapastepec,91.33,5.93,MX,0,29,-92.9,15.44,1578333085
148,Tres Arroyos,72.99,21.61,AR,31,29,-60.28,-38.38,1578333085
149,Salalah,78.8,4.7,OM,75,74,54.1,17.01,1578332841
150,Tiksi,-5.84,8.41,RU,91,84,128.87,71.64,1578333085
151,Barra do Garcas,89.6,2.24,BR,40,55,-52.26,-15.89,1578333085
152,Bethel,-18.4,9.17,US,1,68,-161.76,60.79,1578332868
153,Gat,82.4,14.99,SN,65,10,-16.54,14.69,1578333086
154,Yumen,18.23,12.15,CN,96,58,97.04,40.29,1578333086
155,La Romana,84.2,6.93,DO,40,62,-68.97,18.43,1578333086
156,Teguldet,19.83,7.18,RU,100,93,88.17,57.31,1578333086
157,Dom Pedrito,91.78,13.13,BR,50,34,-54.67,-30.98,1578333086
158,Bereznik,17.76,7.05,RU,92,92,42.71,62.86,1578333086
159,Vega de Alatorre,72.05,14.18,MX,39,69,-96.65,20.03,1578333086
160,Provideniya,-9.4,3.02,RU,100,84,-173.23,64.42,1578333087
161,Thompson,-2.2,1.97,CA,90,77,-97.86,55.74,1578333087
162,Gao,71.35,8.93,ML,40,15,-0.04,16.28,1578333087
163,Ilam,37.4,2.24,IR,0,74,46.42,33.64,1578332787
164,Flinders,70.0,3.36,AU,100,100,150.85,-34.58,1578333087
165,New Norfolk,57.0,4.7,AU,100,87,147.06,-42.78,1578333087
166,Cayenne,86.0,12.75,GF,84,62,-52.33,4.94,1578333087
167,Lufilufi,80.01,9.75,WS,75,88,-171.6,-13.87,1578333088
168,Longyearbyen,10.4,16.11,NO,20,51,15.63,78.22,1578333088
169,Brae,48.2,21.92,GB,100,81,-1.35,60.4,1578332894
170,Tigil,2.55,2.8,RU,0,76,158.67,57.8,1578332848
171,Klaksvik,42.8,25.28,FO,85,75,-6.59,62.23,1578333088
172,Yulara,77.0,6.93,AU,100,57,130.99,-25.24,1578333088
173,Phalodi,63.82,7.18,IN,78,39,72.36,27.13,1578333088
174,Doha,66.2,10.29,QA,0,52,51.53,25.29,1578332841
175,Marshfield,36.0,4.7,US,90,59,-70.71,42.09,1578332799
176,Grand Gaube,80.6,2.24,MU,75,88,57.66,-20.01,1578333089
177,Hermanus,68.0,4.0,ZA,100,71,19.24,-34.42,1578333089
178,Katsuura,42.8,4.7,JP,75,75,134.5,33.93,1578332799
179,Roebourne,84.45,11.7,AU,84,60,117.15,-20.77,1578333089
180,Bowen,75.2,5.82,AU,75,94,148.25,-20.01,1578333089
181,Labuhan,74.61,1.97,ID,100,95,115.51,-2.54,1578333089
182,Puertollano,50.0,1.68,ES,0,76,-4.11,38.69,1578332792
183,Port-Gentil,84.2,4.7,GA,40,83,8.78,-0.72,1578333090
184,Coihaique,55.4,8.05,CL,90,62,-72.07,-45.58,1578333090
185,Adrar,66.2,17.22,DZ,0,16,-0.29,27.87,1578333090
186,Vila Franca do Campo,64.4,16.11,PT,75,93,-25.43,37.72,1578333090
187,Nishihara,46.0,11.41,JP,75,56,139.53,35.74,1578333090
188,Roald,51.8,17.22,NO,40,62,6.12,62.58,1578333090
189,Evensk,-6.83,5.19,RU,1,48,159.24,61.92,1578333090
190,Olinda,63.0,4.7,AU,90,93,145.39,-37.84,1578333091
191,Alofi,73.4,1.12,NU,75,100,-169.92,-19.06,1578332839
192,Ancud,57.2,9.17,CL,90,71,-73.83,-41.87,1578333091
193,Manyana,70.0,2.93,AU,100,100,150.51,-35.26,1578332812
194,Patacamaya,60.51,3.38,BO,22,26,-67.92,-17.23,1578333091
195,Butaritari,84.85,20.76,KI,100,80,172.79,3.07,1578333091
196,Sangerhausen,37.99,6.93,DE,32,91,11.3,51.47,1578333092
197,Mumbwa,67.87,1.9,ZM,100,93,27.06,-14.99,1578333092
198,Cap Malheureux,80.6,2.24,MU,75,88,57.61,-19.98,1578333092
199,Port Alfred,69.01,1.01,ZA,95,95,26.89,-33.59,1578332852
200,Ambulu,80.53,5.41,ID,100,81,113.61,-8.35,1578333092
201,Alice Springs,73.4,4.7,AU,75,56,133.88,-23.7,1578333092
202,Muros,55.0,3.36,ES,75,87,-9.06,42.77,1578333092
203,Orangeburg,60.01,5.82,US,1,44,-80.86,33.49,1578332801
204,Mahebourg,80.6,2.24,MU,75,88,57.7,-20.41,1578333093
205,Beringovskiy,-10.35,12.68,RU,12,86,179.32,63.05,1578333093
206,Saint-Philippe,28.4,11.41,CA,90,85,-73.48,45.36,1578333093
207,Solnechnyy,-2.24,1.61,RU,0,78,136.64,50.72,1578333093
208,Joensuu,33.01,9.17,FI,90,100,29.76,62.6,1578333093
209,Severo-Kurilsk,24.53,15.35,RU,100,84,156.12,50.68,1578333093
210,Burns Lake,11.44,1.1,CA,61,95,-125.76,54.23,1578333094
211,Blagodatnoye,30.2,4.47,RU,90,58,35.54,51.57,1578333094
212,Auki,76.48,9.86,NG,91,25,6.51,12.18,1578333094
213,Sembakung,75.11,2.64,ID,100,94,117.25,3.82,1578333094
214,Sinnamary,79.52,13.98,GF,88,78,-52.96,5.38,1578333094
215,Airai,69.37,4.81,TL,100,77,125.41,-8.93,1578332825
216,Paamiut,1.72,13.29,GL,97,68,-49.67,61.99,1578333094
217,Manaure,84.2,9.17,CO,20,70,-72.45,11.78,1578333095
218,Seoul,41.0,3.36,KR,90,93,126.98,37.57,1578333095
219,Nandikotkur,68.63,4.76,IN,1,90,78.27,15.86,1578333095
220,Marsh Harbour,68.56,9.8,BS,90,61,-77.06,26.54,1578333095
221,Aksu,14.0,2.24,KZ,90,92,76.93,52.04,1578333095
222,Eureka,43.0,9.17,US,1,93,-124.16,40.8,1578332847
223,Magadan,6.57,7.9,RU,0,66,150.8,59.56,1578333095
224,Tambovka,28.72,7.14,RU,25,70,47.38,47.32,1578333096
225,Pervomaysk,15.44,1.77,RU,26,97,43.81,54.87,1578333096
226,Manadhoo,82.92,19.75,MV,77,78,73.38,5.77,1578333096
227,Lebanon,50.0,4.7,US,90,56,-76.42,40.34,1578333096
228,Kashary,32.65,3.36,RU,100,96,41.01,49.04,1578333096
229,Wad Rawah,68.81,10.96,SD,10,14,33.13,15.16,1578333097
230,Sibolga,71.31,2.98,ID,74,95,98.78,1.74,1578333097
231,Bubaque,80.17,13.13,GW,22,49,-15.83,11.28,1578333097
232,Huarmey,84.27,11.92,PE,13,45,-78.15,-10.07,1578333097
233,Takoradi,81.3,9.51,GH,0,60,-1.75,4.89,1578332804
234,Valera,84.52,4.05,VE,11,48,-70.61,9.31,1578333097
235,Faanui,81.48,15.5,PF,33,79,-151.75,-16.48,1578333097
236,De-Kastri,9.3,8.03,RU,4,86,140.77,51.48,1578333097
237,Coruripe,82.27,15.68,BR,0,70,-36.18,-10.12,1578333098
238,Quatre Cocos,80.6,2.24,MU,75,88,57.76,-20.21,1578333098
239,Port Blair,80.71,16.13,IN,0,80,92.75,11.67,1578333098
240,Samarai,75.29,1.1,PG,100,87,150.67,-10.62,1578333098
241,Yantarnyy,37.4,11.18,RU,75,100,19.94,54.87,1578333098
242,Namibe,72.99,11.65,AO,100,87,12.15,-15.19,1578333098
243,Ilulissat,-0.4,9.17,GL,75,64,-51.1,69.22,1578333098
244,Vao,35.87,6.62,EE,100,97,26.19,59.1,1578333098
245,Plettenberg Bay,65.17,6.08,ZA,100,86,23.37,-34.05,1578333098
246,Analipsis,51.01,28.86,GR,90,81,25.57,35.32,1578333099
247,Deputatskiy,-17.79,1.03,RU,54,78,139.9,69.3,1578333099
248,Cabra,57.2,1.12,ES,0,62,-4.43,37.47,1578333099
249,Neuquen,73.4,11.41,AR,0,23,-68.06,-38.95,1578333011
250,Santa Cruz,96.33,8.68,BR,100,26,-36.02,-6.22,1578333099
251,Indramayu,73.11,2.8,ID,100,90,103.78,-4.05,1578333099
252,Chazuta,62.6,17.22,PE,40,100,-76.13,-6.57,1578333099
253,Rawson,58.33,14.25,AR,11,58,-65.11,-43.3,1578333100
254,Caravelas,84.24,15.77,BR,86,71,-39.27,-17.73,1578333100
255,Esperance,62.6,3.36,AU,0,77,121.89,-33.86,1578333100
256,Iqaluit,-13.0,4.7,CA,75,69,-68.52,63.75,1578333100
257,Ivanteyevka,30.2,8.95,RU,90,63,37.92,55.97,1578333100
258,Shimoda,46.0,1.99,JP,63,66,138.93,34.7,1578333100
259,Nouna,79.7,7.38,BF,74,11,-3.87,12.73,1578333100
260,Moose Factory,14.0,5.82,CA,90,85,-80.61,51.26,1578333100
261,San Carlos de Bariloche,55.4,25.28,AR,40,50,-71.31,-41.13,1578333101
262,Carahue,62.6,10.29,CL,75,59,-73.16,-38.71,1578333101
263,Hofn,41.0,28.86,IS,20,56,-15.21,64.25,1578333101
264,Port Hardy,39.2,12.75,CA,90,86,-127.42,50.7,1578333101
265,Gorom-Gorom,73.0,7.74,BF,17,18,-0.24,14.45,1578333101
266,Atasu,15.28,4.81,KZ,97,75,71.64,48.68,1578333101
267,Mecca,64.65,5.73,SA,0,34,39.83,21.43,1578333102
268,Juba,36.0,6.93,EE,97,93,26.93,57.82,1578333102
269,Itaberai,77.2,6.87,BR,83,87,-49.81,-16.02,1578333102
270,Maniitsoq,-2.47,13.22,GL,100,81,-52.9,65.42,1578333102
271,College,-17.0,2.08,US,20,98,-147.8,64.86,1578333102
272,Jensen Beach,73.4,6.93,US,1,40,-80.23,27.25,1578333090
273,Cascais,55.4,8.05,PT,20,81,-9.42,38.7,1578333044
274,Sao Joao da Barra,89.6,11.41,BR,40,62,-41.05,-21.64,1578332835
275,Victoria,82.4,6.93,BN,75,78,115.24,5.28,1578333021
276,Katherine,77.0,1.86,AU,100,83,132.26,-14.47,1578333103
277,Kokologo,82.4,4.7,BF,86,17,-1.88,12.19,1578333103
278,Lagoa,60.01,6.93,PT,0,76,-8.45,37.14,1578333103
279,Cartagena,55.4,5.82,ES,0,87,-1.0,37.63,1578332991
280,Ishinomaki,33.84,8.93,JP,92,74,141.3,38.42,1578333103
281,Axim,82.42,5.68,GH,22,50,-2.24,4.87,1578333103
282,Honiara,78.8,2.24,SB,40,94,159.96,-9.43,1578333104
283,San Quintin,68.77,3.83,PH,34,83,120.52,17.54,1578333104
284,Gari,10.87,6.6,RU,0,89,62.35,59.43,1578333104
285,Laguna,69.8,4.7,BZ,90,88,-88.94,16.17,1578333104
286,Ilebo,76.68,2.28,CD,99,69,20.59,-4.33,1578333104
287,Erenhot,10.98,4.07,CN,0,88,111.97,43.65,1578333104
288,Nantucket,36.0,4.7,US,90,59,-70.1,41.28,1578333104
289,Pisco,73.0,9.17,PE,29,30,-76.2,-13.71,1578333011
290,Tessalit,62.69,6.38,ML,67,14,1.01,20.2,1578333105
291,Tuktoyaktuk,-22.0,6.93,CA,75,74,-133.03,69.44,1578333105
292,Wladyslawowo,39.0,9.17,PL,90,100,18.4,54.79,1578333105
293,Fare,81.45,15.84,PF,31,79,-151.02,-16.7,1578333105
294,Baykit,7.79,3.62,RU,98,95,96.39,61.68,1578333105
295,Cordoba,78.08,7.31,AR,32,38,-67.24,-27.78,1578333105
296,Hasbergen,39.0,5.82,DE,17,87,7.96,52.24,1578333105
297,Elko,34.0,3.36,US,1,79,-115.76,40.83,1578332979
298,Verkhnyaya Inta,8.67,22.19,RU,100,90,60.32,65.99,1578333106
299,Oda,41.59,6.02,JP,100,79,132.5,35.19,1578333106
300,Mizdah,44.51,17.02,LY,1,62,12.98,31.45,1578333106
301,Sayat,32.0,4.7,TM,0,49,63.88,38.78,1578333106
302,Qasigiannguit,-0.4,9.17,GL,75,64,-51.19,68.82,1578333102
303,Vestmanna,42.8,25.28,FO,98,75,-7.17,62.16,1578333106
304,Sarakhs,37.4,6.93,TM,20,86,61.16,36.54,1578332870
305,Hasaki,39.2,6.93,JP,75,64,140.83,35.73,1578333107
306,Batticaloa,73.65,0.98,LK,51,93,81.69,7.71,1578333107
307,Baoqing,4.35,3.36,CN,100,95,132.2,46.32,1578333107
308,Oranjemund,62.73,18.03,ZA,66,78,16.43,-28.55,1578333107
309,Selu,14.72,2.17,CN,70,90,103.51,34.67,1578333107
310,Benicarlo,49.71,3.27,ES,0,78,0.43,40.42,1578333107
311,Bereda,53.01,5.82,ES,75,81,-7.54,43.27,1578333107
312,Coari,94.33,5.39,BR,66,44,-63.14,-4.09,1578333107
313,Shenxian,37.09,15.86,CN,100,93,115.67,36.24,1578333108
314,Karatuzskoye,7.45,3.38,RU,46,82,92.87,53.61,1578333108
315,Poum,30.2,13.87,MK,40,42,20.71,41.28,1578333108
316,Albemarle,59.0,6.93,US,1,30,-80.2,35.35,1578333108
317,Ostrovnoy,14.5,11.07,RU,98,95,39.51,68.05,1578333108
318,Victor Harbor,68.0,6.93,AU,0,52,138.62,-35.55,1578333108
319,Lavrentiya,-7.46,1.01,RU,99,84,-170.99,65.58,1578333109
320,Anito,81.03,20.54,PH,34,81,125.29,12.45,1578333109
321,Necochea,72.0,14.0,AR,0,54,-58.74,-38.55,1578332890
322,Yanam,77.0,8.05,IN,20,69,82.22,16.73,1578333109
323,Tambacounda,87.8,9.17,SN,21,8,-13.67,13.77,1578333109
324,Cidreira,76.55,13.87,BR,15,81,-50.22,-30.17,1578333109
325,Tabuk,68.29,2.84,PH,82,93,121.44,17.41,1578333109
326,Sept-Iles,12.99,8.05,CA,20,39,-66.38,50.2,1578332824
327,Tamiahua,69.98,8.32,MX,0,68,-97.45,21.28,1578333110
328,Charters Towers,71.91,11.07,AU,49,94,146.27,-20.07,1578333110
329,Shelburne,33.8,14.99,CA,90,78,-80.2,44.08,1578332883
330,Saskylakh,0.64,5.08,RU,100,95,114.09,71.97,1578333110
331,Zhengjiatun,10.06,9.53,CN,93,93,123.51,43.51,1578333110
332,Aykhal,8.6,2.24,RU,100,92,111.51,65.95,1578333110
333,Woodburn,73.0,3.38,AU,90,94,153.34,-29.07,1578333110
334,Nizhniy Tsasuchey,3.42,6.06,RU,59,86,115.13,50.52,1578333111
335,Buin,79.0,8.05,CL,40,36,-70.74,-33.73,1578333111
336,Fallon,35.6,23.04,US,1,55,-105.12,46.84,1578333111
337,Kahului,73.4,9.17,US,20,69,-156.47,20.89,1578333111
338,Tazovskiy,5.47,13.96,RU,34,90,78.7,67.47,1578333111
339,Wewak,76.73,4.76,PG,100,89,143.63,-3.55,1578333111
340,Vrangel,34.27,17.63,RU,100,73,133.08,42.73,1578333111
341,Medicine Hat,30.0,4.7,CA,75,73,-110.68,50.04,1578332886
342,Viedma,69.13,25.79,AR,0,40,-62.99,-40.81,1578333027
343,Mateare,86.0,13.87,NI,40,62,-86.43,12.24,1578333112
344,The Pas,3.2,6.93,CA,90,84,-101.24,53.82,1578333112
345,Desbiens,18.0,6.93,CA,90,72,-71.95,48.42,1578333112
346,Sharjah,71.6,9.17,AE,0,46,55.39,25.36,1578333112
347,Kawalu,70.9,2.42,ID,83,93,108.21,-7.38,1578333112
348,Codrington,73.0,0.96,AU,90,94,153.24,-28.95,1578333112
349,Burnie,60.01,5.99,AU,99,85,145.91,-41.05,1578333112
350,Te Anau,45.68,3.24,NZ,100,82,167.72,-45.41,1578333113
351,Sangar,-2.02,9.98,RU,100,92,127.47,63.92,1578333113
352,Zabid,64.17,3.13,YE,16,73,44.5,14.2,1578333113
353,Marolambo,67.96,0.56,MG,92,99,48.13,-20.05,1578333113
354,Trincomalee,74.48,3.89,LK,66,94,81.23,8.58,1578333113
355,Prince Rupert,32.0,4.7,CA,90,71,-130.32,54.32,1578333113
356,Belem de Sao Francisco,90.75,9.51,BR,63,44,-38.97,-8.75,1578333113
357,Tahe,-11.79,1.83,CN,78,98,124.71,52.34,1578333114
358,Dzhebariki-Khaya,-0.2,2.21,RU,100,97,135.8,62.22,1578333114
359,Bathsheba,84.2,16.11,BB,75,66,-59.52,13.22,1578333114
360,Ilo,77.0,5.82,PE,49,73,-71.34,-17.65,1578333114
361,Daitari,61.79,2.19,IN,0,62,85.83,21.11,1578333114
362,Geraldton,8.6,6.93,CA,90,71,-86.95,49.72,1578332834
363,Watertown,30.99,4.7,US,1,85,-97.12,44.9,1578333114
364,Palmer,68.0,3.71,AU,0,52,139.16,-34.85,1578333114
365,Chitral,12.06,3.56,PK,100,93,71.79,35.85,1578333114
366,Aguimes,68.0,18.34,ES,20,56,-15.45,27.91,1578333115
367,Zhezkazgan,11.39,2.57,KZ,95,97,67.71,47.8,1578333115
368,Tateyama,37.0,1.97,JP,50,80,137.31,36.66,1578332824
369,Nalut,50.97,11.92,LY,52,65,10.98,31.86,1578333115
370,Kurilsk,30.13,39.64,RU,71,90,147.88,45.23,1578333115
371,Hay River,-14.8,13.87,CA,90,75,-115.79,60.82,1578333115
372,Castro-Urdiales,53.01,2.24,ES,20,87,-3.22,43.38,1578333115
373,Le Locle,39.99,2.24,CH,0,60,6.75,47.06,1578333116
374,Awbari,54.43,11.81,LY,32,53,12.77,26.59,1578333116
375,Vlad Tepes,36.0,7.0,RO,75,54,27.08,44.35,1578333116
376,Pacific Grove,54.0,10.29,US,1,70,-121.92,36.62,1578333116
377,Raleigh,60.01,6.93,US,1,33,-78.64,35.78,1578333109
378,Marrakesh,62.6,6.93,MA,75,48,-7.99,31.63,1578333116
379,Quartucciu,53.6,5.82,IT,0,62,9.18,39.25,1578333116
380,Miri,74.05,5.35,NG,92,29,9.75,10.31,1578333117
381,Igarka,5.36,11.05,RU,99,91,86.57,67.47,1578333117
382,Chapais,5.0,11.41,CA,90,84,-74.86,49.78,1578333117
383,Sarangani,76.64,2.75,PH,100,93,125.46,5.4,1578333117
384,Zhigansk,-2.42,21.63,RU,100,95,123.37,66.77,1578333117
385,Litovko,-6.2,1.57,RU,21,94,135.18,49.24,1578333117
386,Usinsk,12.47,14.45,RU,100,93,57.56,66.0,1578333117
387,Guerrero Negro,67.64,2.73,MX,0,32,-114.04,27.97,1578333117
388,Pangkalanbuun,75.24,2.82,ID,99,98,111.62,-2.68,1578333117
389,Ilhabela,78.84,7.16,BR,0,82,-45.36,-23.78,1578333118
390,Ambanja,81.34,4.14,MG,100,79,48.45,-13.68,1578333118
391,Tsumeb,66.58,0.92,NA,91,94,17.72,-19.25,1578333118
392,Sur,73.27,4.05,OM,0,68,59.53,22.57,1578333118
393,Mastic Beach,46.0,10.29,US,90,65,-72.85,40.77,1578332922
394,Ayan,14.63,7.0,IR,0,80,44.7,38.23,1578333118
395,Shubarshi,18.52,7.94,KZ,88,95,57.19,48.59,1578333118
396,Xinan,72.0,9.17,CN,40,78,113.89,22.55,1578333118
397,Sikar,58.42,5.97,IN,45,48,75.14,27.61,1578333119
398,Liverpool,48.99,10.29,GB,40,81,-2.98,53.41,1578333119
399,Srednekolymsk,-17.46,2.95,RU,69,96,153.71,67.46,1578333119
400,San Andres,74.91,10.4,PH,43,89,122.68,13.32,1578333119
401,Miyako,59.0,19.46,JP,90,62,130.94,33.63,1578333119
402,Carauari,94.42,5.28,BR,45,46,-66.9,-4.88,1578333119
403,Gobabis,67.59,13.91,NA,99,70,18.97,-22.45,1578333119
404,Tucuman,67.51,14.5,PE,100,46,-70.89,-17.17,1578333120
405,Mount Gambier,48.2,4.7,AU,7,93,140.78,-37.83,1578333111
406,Arcata,43.0,9.17,US,1,93,-124.08,40.87,1578332952
407,Kodinar,67.98,1.3,IN,0,88,70.7,20.79,1578333120
408,Hualmay,80.01,11.12,PE,22,54,-77.61,-11.1,1578333120
409,Havre-Saint-Pierre,8.6,2.24,CA,1,42,-63.6,50.23,1578333120
410,Hami,19.47,1.83,CN,22,45,93.51,42.84,1578333120
411,Hovd,48.0,16.11,NO,92,65,10.7,63.83,1578333120
412,Springfield,37.99,6.93,US,90,80,-72.59,42.1,1578333121
413,Port-Cartier,12.99,8.05,CA,20,39,-66.88,50.03,1578333121
414,Sunland Park,54.0,9.17,US,1,34,-106.58,31.8,1578333033
415,Lorengau,84.47,11.61,PG,25,75,147.27,-2.02,1578333121
416,Santa Isabel do Rio Negro,96.37,4.85,BR,14,41,-65.02,-0.41,1578333121
417,Masterton,50.0,3.27,NZ,16,78,175.66,-40.95,1578333121
418,Mehamn,32.0,11.41,NO,75,79,27.85,71.03,1578333121
419,Constitucion,57.0,0.65,MX,20,34,-104.67,23.99,1578333121
420,Faya,59.0,4.7,SA,0,93,42.45,18.39,1578333122
421,Biharamulo,65.37,1.36,TZ,100,82,31.31,-2.64,1578333122
422,Nyurba,15.03,8.57,RU,100,94,118.35,63.29,1578333122
423,Vermilion,15.8,11.41,CA,40,72,-110.85,53.35,1578333122
424,Isangel,76.64,15.84,VU,97,85,169.27,-19.55,1578333122
425,Marawi,75.99,5.01,PH,100,89,124.29,8.0,1578333122
426,San Angelo,55.99,5.82,US,1,33,-100.44,31.46,1578333123
427,Smirnykh,12.56,7.07,RU,0,84,142.83,49.74,1578333123
428,Petropavlovsk-Kamchatskiy,24.8,11.18,RU,100,68,158.65,53.05,1578333123
429,Tupelo,60.01,3.96,US,1,62,-88.7,34.26,1578333123
430,Khorixas,73.81,15.88,NA,26,51,14.96,-20.37,1578333123
431,Ariquemes,84.42,4.41,BR,83,89,-63.03,-9.91,1578333123
432,Kawhia,59.0,8.01,NZ,45,71,174.82,-38.07,1578333124
433,Nautla,73.36,4.27,MX,27,58,-96.78,20.22,1578333124
434,Segamat,78.8,6.93,MY,20,78,102.82,2.51,1578333124
435,Akhnur,50.0,0.96,IN,90,93,74.73,32.87,1578333124
436,Namatanai,83.62,7.38,PG,40,76,152.44,-3.66,1578333124
437,Marsa Matruh,51.8,18.34,EG,40,57,27.25,31.35,1578333124
438,Anchorage,0.0,3.36,US,40,83,-149.89,61.22,1578333124
439,Launceston,60.01,4.7,AU,90,87,147.14,-41.43,1578333124
440,Gold Coast,77.0,3.36,AU,75,83,153.41,-28.0,1578332834
441,Husavik,21.99,11.01,CA,6,86,-96.99,50.56,1578333125
442,Carlet,55.4,5.82,ES,0,62,-0.52,39.23,1578333125
443,Puerto Baquerizo Moreno,82.4,16.11,EC,75,74,-89.6,-0.9,1578333125
444,Corinto,87.8,3.36,CO,40,48,-76.26,3.17,1578333125
445,Swan River,23.05,11.9,CA,45,86,-101.27,52.11,1578333125
446,Griffith,68.0,8.05,AU,64,77,146.06,-34.29,1578333125
447,Iskateley,13.93,16.22,RU,83,91,53.15,67.68,1578332854
448,San Policarpo,79.11,12.57,PH,62,86,125.51,12.18,1578333126
449,Uruzgan,24.58,5.99,AF,100,97,66.63,32.93,1578333126
450,Severnoye,14.54,3.8,RU,88,95,52.54,54.09,1578333126
451,Aqtobe,26.6,6.71,KZ,90,92,57.21,50.28,1578333126
452,Naze,85.89,2.57,NG,95,31,7.07,5.43,1578333126
453,Kuito,64.29,5.99,AO,100,92,16.94,-12.38,1578333126
454,Boshnyakovo,13.44,8.21,RU,100,95,142.17,49.65,1578333126
455,Hanzhong,37.15,0.6,CN,100,93,107.03,33.08,1578333127
456,El Campo,73.99,11.41,US,1,56,-96.27,29.2,1578332908
457,Perelyub,24.46,4.32,RU,78,97,50.37,51.87,1578333127
458,Bud,51.8,5.82,NO,20,93,6.91,62.91,1578333127
459,College Place,52.0,23.04,US,90,70,-118.39,46.05,1578333127
460,Coquimbo,62.64,1.92,CL,0,77,-71.34,-29.95,1578332942
461,Nanortalik,12.29,49.37,GL,0,74,-45.24,60.14,1578333127
462,Port Moresby,80.8,5.35,PG,100,78,147.16,-9.47,1578333128
463,Ouegoa,70.21,4.23,NC,79,91,164.44,-20.34,1578333128
464,Heiligenhafen,41.0,5.82,DE,75,93,10.98,54.37,1578333128
465,Xai-Xai,76.14,9.98,MZ,0,76,33.64,-25.04,1578333128
466,Umm Lajj,57.24,6.08,SA,0,58,37.27,25.02,1578333128
467,Zheleznodorozhnyy,30.2,6.71,RU,90,68,38.0,55.75,1578332857
468,Safranbolu,29.61,4.83,TR,100,98,32.69,41.25,1578332902
469,Caidian,39.2,6.71,CN,90,93,114.03,30.59,1578333129
470,Kalawit,74.73,5.06,PH,83,90,122.53,7.91,1578333129
471,Maragogi,80.47,12.86,BR,0,78,-35.22,-9.01,1578333129
472,Esfarayen,35.6,4.7,IR,75,80,57.51,37.08,1578333129
473,Diffa,68.43,9.42,NE,99,22,12.61,13.32,1578333129
474,Saint-Gaudens,43.0,3.36,FR,0,87,0.72,43.11,1578333129
475,Manjacaze,76.95,9.73,MZ,0,71,33.88,-24.71,1578333129
476,San Luis,80.6,3.22,AR,9,20,-66.34,-33.3,1578332889
477,Bocas del Toro,73.0,15.01,PA,25,43,-82.25,9.33,1578333130
478,Devli,57.2,3.36,IN,75,87,77.32,28.23,1578333130
479,Puri,74.88,4.21,ID,100,92,112.45,-7.54,1578333130
480,Eyl,79.79,16.93,SO,42,81,49.82,7.98,1578333130
481,Orda,19.31,4.14,RU,100,97,56.91,57.2,1578333130
482,Kyzyl-Suu,22.08,5.06,KG,98,54,78.0,42.34,1578333130
483,Moron,82.13,15.21,HT,0,61,-74.26,18.56,1578333131
484,Valparaiso,39.0,11.41,US,1,69,-87.06,41.47,1578333131
485,Mana,77.09,7.9,NG,14,24,5.27,13.03,1578333131
486,Moerai,78.06,3.65,PF,79,73,-151.33,-22.43,1578332846
487,Zavolzhsk,18.39,4.18,RU,93,95,42.14,57.49,1578333131
488,Nabire,72.79,2.35,ID,97,99,135.5,-3.36,1578333131
489,Santa Rosa,80.56,22.59,AR,0,14,-64.29,-36.62,1578333131
490,Tuatapere,50.0,8.01,NZ,100,92,167.69,-46.13,1578333131
491,Qaqortoq,1.4,5.82,GL,20,37,-46.03,60.72,1578333132
492,Varhaug,45.0,14.99,NO,75,93,5.65,58.61,1578333132
493,Yate,48.99,14.99,GB,90,100,-2.41,51.54,1578333132
494,Vanavara,14.22,8.32,RU,100,95,102.28,60.35,1578333132
495,Silver City,55.99,5.82,US,1,18,-108.28,32.77,1578333132
496,Rio Claro,66.2,8.05,BR,75,100,-47.56,-22.41,1578333132
497,Panaba,75.78,8.63,MX,3,54,-88.27,21.28,1578333132
498,Nome,73.0,9.17,US,40,64,-94.42,30.04,1578333132
499,Cedar City,28.99,4.7,US,1,74,-113.06,37.68,1578333003
500,Whyalla,62.6,8.05,AU,25,82,137.58,-33.04,1578333133
501,Riobamba,84.2,2.24,EC,20,49,-78.65,-1.67,1578333133
502,Bundibugyo,51.78,3.74,UG,100,85,30.06,0.71,1578333133
503,Ouallam,75.72,10.25,NE,27,19,2.08,14.32,1578333133
504,Taltal,68.59,7.31,CL,48,62,-70.49,-25.41,1578333133
505,Sundumbili,78.8,8.05,ZA,90,83,31.4,-29.13,1578333133
506,Itarema,87.31,13.04,BR,33,59,-39.92,-2.92,1578333133
507,Chimore,80.19,3.33,BO,99,74,-65.13,-16.98,1578333133
508,Atherton,79.0,3.36,AU,75,83,145.48,-17.27,1578333134
509,Cravo Norte,91.63,11.25,CO,15,42,-70.2,6.3,1578333134
510,Neiafu,77.0,8.05,TO,20,88,-173.98,-18.65,1578333134
511,Bayji,53.58,4.61,IQ,8,59,43.49,34.93,1578333134
512,Kavieng,84.43,12.66,PG,11,76,150.8,-2.57,1578333134
513,Celestun,72.91,9.51,MX,0,68,-90.4,20.87,1578333134
514,Komsomolskiy,8.64,18.12,RU,100,93,63.78,67.55,1578333134
515,Kopavogur,37.4,27.51,IS,40,80,-21.91,64.11,1578333135
516,Kloulklubed,78.8,12.75,PW,75,83,134.26,7.04,1578333135
517,Wattegama,69.91,3.24,LK,71,95,80.68,7.35,1578333135
518,Hobyo,79.45,15.61,SO,42,77,48.53,5.35,1578333135
519,Kiama,70.0,3.36,AU,100,100,150.86,-34.67,1578333135
520,Chabahar,72.3,8.43,IR,15,73,60.65,25.29,1578333135
521,Silvan,41.0,3.36,TR,40,80,41.01,38.14,1578333135
522,Jiazi,68.0,6.71,CN,40,100,110.49,19.61,1578333136
523,Garissa,85.19,3.33,KE,56,55,39.64,-0.46,1578333136
524,Caucaia,87.8,13.87,BR,20,58,-38.66,-3.73,1578333136
525,Kenai,-0.4,4.7,US,90,77,-151.26,60.55,1578333136
526,Ballina,48.0,9.17,IE,20,93,-9.15,54.11,1578333136
527,Saint-Georges,18.0,4.79,CA,100,76,-70.67,46.12,1578332981
528,Marzuq,64.33,1.86,YE,0,39,46.47,14.4,1578333136
529,Mao,82.4,6.93,DO,20,58,-71.08,19.55,1578333136
530,Hastings,56.61,12.59,NZ,62,62,176.84,-39.64,1578333137
531,Sarahan,21.99,4.88,IN,100,97,77.79,31.51,1578333137
532,Manaus,95.0,6.93,BR,40,55,-59.98,-3.13,1578333137
533,Dobele,37.4,8.05,LV,90,100,23.28,56.63,1578333137
534,Bagdarin,-5.78,3.42,RU,0,79,113.59,54.44,1578333137
535,Xiazhen,66.99,3.53,TW,75,93,120.95,23.89,1578333137
536,Camopi,89.71,5.06,GF,68,43,-52.33,3.17,1578333137
537,Pauini,87.78,5.77,BR,89,63,-67.0,-7.71,1578333137
538,Ozernovskiy,23.9,17.4,RU,100,78,156.52,51.5,1578333138
539,Sonari,54.36,1.36,IN,42,91,95.02,27.03,1578333138
540,Ahero,68.0,6.93,KE,75,94,34.92,-0.17,1578333138
541,Vila,37.99,1.12,IT,0,100,8.4,45.18,1578333138
